sub-district,borough
Cakung Barat,East Jakarta
Cakung Timur,East Jakarta
Jatinegara,East Jakarta
Penggilingan,East Jakarta
Pulo Gebang,East Jakarta
Rawa Terate,East Jakarta
Ujung Menteng,East Jakarta
Bambu Apus,East Jakarta
Ceger,East Jakarta
Cilangkap,East Jakarta
Cipayung,East Jakarta
Lubang Buaya,East Jakarta
Munjul,East Jakarta
Pondok Ranggon,East Jakarta
Setu,East Jakarta
Cibubur,East Jakarta
Ciracas,East Jakarta
Kelapa Dua Wetan,East Jakarta
Rambutan,East Jakarta
Susukan,East Jakarta
Duren Sawit,East Jakarta
Klender,East Jakarta
Malaka Jaya,East Jakarta
Malaka Sari,East Jakarta
Pondok Bambu,East Jakarta
Pondok Kelapa,East Jakarta
Pondok Kopi,East Jakarta
Bali Mester,East Jakarta
Bidara Cina,East Jakarta
Cipinang Besar Selatan,East Jakarta
Cipinang Besar Utara,East Jakarta
Cipinang Cempedak,East Jakarta
Cipinang Muara,East Jakarta
Kampung Melayu,East Jakarta
Rawa Bunga,East Jakarta
Balekambang,East Jakarta
Batu Ampar,East Jakarta
Cawang,East Jakarta
Cililitan,East Jakarta
Dukuh,East Jakarta
Kramat Jati,East Jakarta
Tengah,East Jakarta
Cipinang Melayu,East Jakarta
Halim Perdana Kusuma,East Jakarta
Kebon Pala,East Jakarta
Makasar,East Jakarta
Pinangranti,East Jakarta
Kayu Manis,East Jakarta
Kebon Manggis,East Jakarta
Palmeriam,East Jakarta
Pisangan Baru,East Jakarta
Utan Kayu Selatan,East Jakarta
Utan Kayu Utara,East Jakarta
Baru,East Jakarta
Cijantung,East Jakarta
Gedong,East Jakarta
Kalisari,East Jakarta
Pekayon,East Jakarta
Cipinang,East Jakarta
Jati,East Jakarta
Jatinegara Kaum,East Jakarta
Kayu Putih,East Jakarta
Pisangan Timur,East Jakarta
Pulo Gadung,East Jakarta
Rawamangun,East Jakarta
